{
    "best_model": "LightGBM",
    "accuracy": 0.8041163946061036,
    "precision": 0.7058823529411765,
    "recall": 0.4491978609625668,
    "f1_score": 0.5490196078431373,
    "roc_auc": 0.8444948203260223,
    "model_leaderboard": [
        {
            "model": "LightGBM",
            "accuracy": 0.8041,
            "precision": 0.7059,
            "recall": 0.4492,
            "f1_score": 0.5490,
            "roc_auc": 0.8445
        },
        {
            "model": "XGBoost",
            "accuracy": 0.8027,
            "precision": 0.7000,
            "recall": 0.4492,
            "f1_score": 0.5472,
            "roc_auc": 0.8445
        },
        {
            "model": "RandomForest",
            "accuracy": 0.7963,
            "precision": 0.6851,
            "recall": 0.4305,
            "f1_score": 0.5287,
            "roc_auc": 0.8408
        }
    ]
}
