{
    "best_model": "XGBoost",
    "accuracy": 0.8019872249822569,
    "precision": 0.6892430278884463,
    "recall": 0.4625668449197861,
    "f1_score": 0.5536,
    "roc_auc": 0.8445077372187345
}