{
    "best_model": "LightGBM",
    "accuracy": 0.8041163946061036,
    "precision": 0.7058823529411765,
    "recall": 0.4491978609625668,
    "f1_score": 0.5490196078431373,
    "roc_auc": 0.8444948203260223
}