model,accuracy,precision,recall,f1_score,roc_auc
LightGBM,0.8041163946061036,0.7058823529411765,0.44919786096256686,0.5490196078431373,0.8444948203260223
XGBoost,0.8026969481902059,0.7,0.44919786096256686,0.5472312703583062,0.8444831951225813
RandomForest,0.7963094393186657,0.6851063829787234,0.4304812834224599,0.5287356321839081,0.8408277144850036
