model,accuracy,precision,recall,f1_score,roc_auc
RandomForest,0.8019872249822569,0.6610169491525424,0.5213903743315508,0.5829596412556054,0.8410318013898577
XGBoost,0.7913413768630234,0.6212121212121212,0.5481283422459893,0.5823863636363636,0.8290875506988038
LightGBM,0.7828246983676366,0.6049382716049383,0.5240641711229946,0.5616045845272206,0.8247087240693378
